Date              	Ashokan East Storage	Ashokan East Elevation	Ashokan West Storage	Ashokan West Elevation	Schoharie Storage	Schoharie Elevation	Rondout Storage	Rondout Elevation	Neversink Storage	Neversink Elevation	Pepacton Storage	Pepacton Elevation	Cannonsville Storage	Cannonsville Elevation
01/01/2016	71.99	581.8	39.87	582.48	18.16	1126.4	47.88	836.78	33.35	1435.62	111.68	1261.43	76.15	1135.27
01/02/2016	71.97	581.79	39.82	582.44	18.12	1126.29	47.84	836.77	33.29	1435.49	112.22	1261.77	76.86	1135.84
01/03/2016	71.93	581.76	39.76	582.36	18.15	1126.17	47.82	836.72	33.2	1435.31	112.74	1262.09	77.46	1136.36
01/04/2016	71.93	581.76	39.67	582.27	17.67	1125.85	47.92	836.69	33.07	1435.04	113.15	1262.35	77.84	1136.79
01/05/2016	72.06	581.85	39.6	582.2	17.98	1125.57	47.86	836.82	32.85	1434.58	113.35	1262.47	78.03	1137.07
01/06/2016	72.11	581.87	39.59	582.19	18.01	1125.54	47.83	836.74	32.67	1434.21	113.53	1262.58	78.07	1137.2
01/07/2016	72.07	581.85	39.62	582.22	17.96	1125.55	47.79	836.69	32.54	1433.93	113.85	1262.79	78.11	1137.23
01/08/2016	72.07	581.85	39.61	582.21	17.96	1125.48	47.59	836.64	32.43	1433.7	114.15	1262.98	78.17	1137.26
01/09/2016	72.09	581.86	39.67	582.27	18.14	1125.48	47.63	836.34	32.47	1433.79	114.45	1263.15	78.87	1137.3
01/10/2016	72.37	582.03	40.67	583.35	18.6	1126.17	47.54	836.4	32.81	1434.5	115.01	1263.5	79.92	1137.82
01/11/2016	72.44	582.08	41.79	584.56	18.3	1127.26	47.49	836.27	33.21	1435.33	115.6	1263.85	80.46	1138.57
01/12/2016	72.69	582.23	42.13	584.93	18.19	1126.41	47.68	836.19	33.3	1435.52	115.83	1263.99	80.8	1138.96
01/13/2016	73.15	582.52	41.91	584.69	18.18	1126.09	47.7	836.47	33.09	1435.09	116.11	1264.16	81.08	1139.2
01/14/2016	73.66	582.84	41.51	584.26	18.18	1126.09	47.61	836.5	32.95	1434.8	116.48	1264.38	81.4	1139.41
01/15/2016	74.16	583.15	41.08	583.79	18.16	1126.06	47.64	836.36	32.85	1434.58	116.9	1264.63	81.77	1139.64
01/16/2016	74.56	583.39	40.95	583.65	18.16	1126.09	47.65	836.41	32.79	1434.45	117.41	1264.94	82.11	1139.91
01/17/2016	74.7	583.48	40.93	583.63	18.14	1126.1	47.64	836.43	32.7	1434.27	117.88	1265.22	82.33	1140.15
01/18/2016	74.69	583.47	40.92	583.62	18.07	1125.96	47.5	836.42	32.58	1434.02	118.16	1265.39	82.46	1140.3
01/19/2016	74.68	583.46	40.83	583.53	18.04	1125.78	47.14	836.21	32.47	1433.77	118.34	1265.5	82.7	1140.39
01/20/2016	74.67	583.46	40.72	583.41	17.97	1125.68	47.12	835.67	32.46	1433.76	118.3	1265.47	82.82	1140.56
01/21/2016	74.67	583.46	40.6	583.27	17.93	1125.5	47.16	835.64	32.31	1433.43	118.45	1265.57	82.78	1140.64
01/22/2016	74.68	583.47	40.49	583.16	17.91	1125.4	47.11	835.7	32.13	1433.03	118.42	1265.54	82.67	1140.61
01/23/2016	74.67	583.46	40.49	583.15	17.89	1125.36	47.09	835.62	32.1	1432.97	118.31	1265.48	82.54	1140.53
01/24/2016	74.65	583.45	40.46	583.12	17.89	1125.29	47.1	835.59	32.11	1432.99	118.14	1265.38	82.41	1140.45
01/25/2016	74.65	583.45	40.4	583.06	17.89	1125.27	47.04	835.61	32.12	1433.01	118.05	1265.32	82.27	1140.36
01/26/2016	74.67	583.46	40.39	583.05	17.9	1125.27	46.97	835.52	32.13	1433.04	117.96	1265.27	82.17	1140.26
01/27/2016	74.65	583.45	40.3	582.96	17.89	1125.31	46.93	835.41	32.14	1433.06	117.91	1265.24	82.04	1140.19
01/28/2016	74.65	583.45	40.2	582.84	17.87	1125.3	46.94	835.35	32.14	1433.06	117.84	1265.2	81.87	1140.1
01/29/2016	74.65	583.45	40.09	582.72	17.84	1125.24	46.94	835.37	32.12	1433.01	117.74	1265.13	81.69	1139.98
01/30/2016	74.65	583.44	39.97	582.59	17.83	1125.19	46.94	835.37	32.11	1432.99	117.62	1265.07	81.49	1139.85
01/31/2016	74.65	583.45	39.92	582.54	17.86	1125.15	46.7	835.37	32.1	1432.97	117.46	1264.97	81.32	1139.71
02/01/2016	74.65	583.45	40.01	582.63	17.86	1125.18	46.46	835.02	32.09	1432.95	117.33	1264.89	81.17	1139.58
02/02/2016	74.65	583.45	40.25	582.9	17.91	1125.18	46.73	834.65	32.08	1432.94	117.05	1264.72	81.13	1139.48
02/03/2016	74.82	583.55	40.54	583.21	18.04	1125.28	47.11	835.06	32.2	1433.2	116.98	1264.68	81.32	1139.45
02/04/2016	74.87	583.58	40.81	583.51	18.02	1125.78	47.35	835.63	32.43	1433.69	117.16	1264.79	81.39	1139.58
02/05/2016	74.88	583.59	40.84	583.53	17.98	1125.82	47.38	835.98	32.51	1433.88	117.26	1264.85	81.4	1139.63
02/06/2016	74.88	583.59	40.64	583.32	17.96	1125.72	47.39	836.03	32.56	1433.98	117.53	1265.01	81.39	1139.64
02/07/2016	74.9	583.6	40.45	583.11	17.96	1125.66	47.51	836.04	32.61	1434.07	117.78	1265.16	81.38	1139.63
02/08/2016	74.91	583.61	40.24	582.89	17.94	1125.68	47.76	836.22	32.64	1434.14	117.95	1265.26	81.35	1139.63
02/09/2016	74.92	583.62	40.03	582.66	17.93	1125.68	47.95	836.6	32.68	1434.22	118	1265.29	81.3	1139.6
02/10/2016	74.93	583.62	39.82	582.43	17.92	1125.4	48.09	836.88	32.67	1434.2	118	1265.29	81.2	1139.57
02/11/2016	74.91	583.61	39.63	582.22	17.87	1125.36	48.12	837.08	32.63	1434.11	118.08	1265.35	81.01	1139.5
02/12/2016	74.91	583.61	39.51	582.1	17.85	1125.25	48.35	837.13	32.54	1433.93	118.12	1265.37	80.78	1139.36
02/13/2016	74.89	583.6	39.4	581.98	17.79	1125.18	48.58	837.47	32.31	1433.42	118.04	1265.32	80.51	1139.19
02/14/2016	74.88	583.59	39.21	581.78	17.76	1125.06	48.34	837.81	32.03	1432.82	117.87	1265.21	80.4	1139
02/15/2016	74.91	583.61	39.09	581.64	18.34	1124.95	48.07	837.46	31.95	1432.66	117.89	1265.23	81.3	1138.92
02/16/2016	75.09	583.72	39.9	582.52	18.55	1125.9	47.84	837.06	32.3	1433.4	118.87	1265.82	83.06	1139.57
02/17/2016	75.2	583.79	41.14	583.86	18.28	1127.27	47.49	836.71	32.8	1434.48	120.12	1266.57	83.98	1140.81
02/18/2016	75.22	583.8	41.53	584.28	18.18	1126.48	47.42	836.19	32.89	1434.67	120.84	1267	84.59	1141.44
02/19/2016	75.23	583.81	41.59	584.34	18.18	1126.13	47.61	836.09	32.75	1434.37	121.42	1267.35	84.94	1141.86
02/20/2016	75.24	583.82	41.58	584.33	18.15	1126.08	47.7	836.37	32.7	1434.26	121.95	1267.67	85.24	1142.11
02/21/2016	75.26	583.83	41.52	584.27	18.13	1126.04	47.62	836.51	32.78	1434.44	122.46	1267.98	85.59	1142.32
02/22/2016	75.28	583.84	41.43	584.17	18.07	1125.86	47.41	836.38	32.85	1434.58	122.9	1268.23	86	1142.56
02/23/2016	75.3	583.85	41.41	584.15	18.22	1125.78	47.61	836.07	32.91	1434.7	123.31	1268.48	86.67	1142.84
02/24/2016	75.75	584.13	42.02	584.79	19.41	1126.18	48.74	836.38	33.23	1435.37	124.15	1268.96	89.9	1143.31
02/25/2016	77.76	585.36	44.55	587.37	18.75	1129.18	49.09	838.05	34.74	1438.5	127.56	1270.94	92.22	1145.51
02/26/2016	79.26	586.25	44.88	587.69	18.42	1127.76	49.26	838.57	35.22	1439.48	129.59	1272.12	93.13	1147.04
02/27/2016	79.37	586.32	45.16	587.97	18.31	1126.83	49.38	838.83	35.25	1439.56	130.83	1272.84	93.66	1147.63
02/28/2016	79.4	586.34	45.12	587.93	18.27	1126.46	49.39	839.01	35.23	1439.52	131.65	1273.3	93.95	1147.98
02/29/2016	79.29	586.27	45.06	587.87	18.22	1126.33	49.27	839.01	35.16	1439.38	132.26	1273.65	94.04	1148.17
03/01/2016	79	586.1	45.04	587.85	18.21	1126.24	49.07	838.85	35.06	1439.18	132.61	1273.84	93.97	1148.23
03/02/2016	78.71	585.93	44.92	587.73	18.15	1126.2	48.88	838.54	34.95	1438.95	132.88	1273.99	93.78	1148.19
03/03/2016	78.41	585.75	44.75	587.56	18.12	1126.02	48.78	838.26	34.81	1438.67	132.98	1274.05	93.49	1148.07
03/04/2016	78.1	585.56	44.55	587.36	18.09	1125.93	48.68	838.11	34.67	1438.36	132.9	1274	93.12	1147.87
03/05/2016	77.8	585.38	44.31	587.12	18.06	1125.82	48.57	837.97	34.52	1438.05	132.75	1273.92	92.69	1147.63
03/06/2016	77.49	585.2	44.06	586.87	18.03	1125.74	48.45	837.79	34.38	1437.77	132.63	1273.85	92.25	1147.35
03/07/2016	77.19	585.02	43.78	586.59	18.02	1125.68	48.34	837.62	34.24	1437.48	132.54	1273.8	91.9	1147.05
03/08/2016	76.93	584.86	43.51	586.31	18.02	1125.65	48.19	837.45	34.1	1437.18	132.45	1273.75	91.68	1146.83
03/09/2016	76.71	584.72	43.2	586.01	18.03	1125.64	48.07	837.23	33.95	1436.87	132.27	1273.65	91.67	1146.68
03/10/2016	76.28	584.46	42.98	585.78	18.06	1125.65	48.05	837.06	33.82	1436.6	132.22	1273.62	91.9	1146.67
03/11/2016	75.8	584.16	43	585.81	18.04	1125.8	48.12	837.02	33.73	1436.42	132.29	1273.66	92.1	1146.83
03/12/2016	75.3	583.85	43.02	585.82	18.02	1125.82	48.19	837.13	33.61	1436.16	132.34	1273.69	92.22	1146.96
03/13/2016	74.82	583.55	43.02	585.82	18.08	1125.77	48.15	837.23	33.47	1435.87	132.41	1273.73	92.35	1147.04
03/14/2016	74.31	583.23	43.04	585.84	18.13	1125.73	48.16	837.18	33.39	1435.7	132.52	1273.79	92.43	1147.12
03/15/2016	73.9	582.99	43.2	586	18.16	1125.95	48.15	837.19	33.26	1435.44	132.58	1273.83	92.48	1147.18
03/16/2016	73.63	582.82	43.56	586.36	18.19	1126.07	48.31	837.17	33.09	1435.08	132.41	1273.73	92.32	1147.21
03/17/2016	73.35	582.64	43.94	586.74	18.19	1126.14	48.43	837.4	32.95	1434.78	132.4	1273.72	92.11	1147.11
03/18/2016	73.05	582.46	44.29	587.1	18.17	1126.18	48.28	837.59	32.89	1434.67	132.37	1273.7	91.99	1146.96
03/19/2016	72.75	582.27	44.64	587.45	18.14	1126.16	48.19	837.37	32.91	1434.71	132.41	1273.73	91.74	1146.89
03/20/2016	72.43	582.07	44.97	587.78	18.11	1126.1	48.14	837.23	32.92	1434.73	132.41	1273.73	91.42	1146.72
03/21/2016	72.06	581.84	45.31	588.12	17.97	1126.01	48.11	837.16	32.94	1434.76	132.37	1273.71	91.09	1146.51
03/22/2016	71.64	581.58	45.72	588.53	17.81	1125.58	47.98	837.11	32.94	1434.76	132.31	1273.67	90.76	1146.3
03/23/2016	71.24	581.34	46.28	589.1	17.77	1125.02	47.93	836.92	32.94	1434.77	132.02	1273.51	90.41	1146.08
03/24/2016	70.94	581.15	46.63	589.45	17.8	1124.93	47.9	836.84	32.93	1434.74	132.02	1273.51	90.04	1145.85
03/25/2016	70.86	581.1	46.71	589.52	17.81	1125.02	47.86	836.79	32.93	1434.74	132.03	1273.52	89.67	1145.6
03/26/2016	70.82	581.07	46.69	589.51	17.82	1125.08	47.82	836.73	32.93	1434.74	132.06	1273.53	89.26	1145.36
03/27/2016	70.77	581.05	46.67	589.49	17.82	1125.11	47.8	836.68	32.92	1434.72	132.06	1273.53	88.96	1145.09
03/28/2016	70.78	581.05	46.73	589.55	17.83	1125.08	47.76	836.65	32.97	1434.83	132.11	1273.56	88.75	1144.89
03/29/2016	70.76	581.04	46.78	589.6	17.82	1125.25	47.7	836.59	33.03	1434.95	132.14	1273.58	88.62	1144.75
03/30/2016	70.75	581.03	46.8	589.62	17.73	1125.12	47.66	836.51	33.07	1435.04	132.05	1273.53	88.51	1144.66
03/31/2016	70.85	581.09	46.83	589.65	17.61	1124.83	47.61	836.44	33.13	1435.16	132.06	1273.53	88.43	1144.57
04/01/2016	71.07	581.23	46.84	589.66	17.49	1124.47	47.69	836.36	33.18	1435.26	132.07	1273.54	88.41	1144.52
04/02/2016	71.37	581.41	46.82	589.63	17.38	1124.14	47.62	836.49	33.23	1435.37	132.14	1273.58	88.58	1144.51
04/03/2016	71.67	581.6	46.78	589.59	17.29	1123.82	47.42	836.38	33.29	1435.5	132.3	1273.67	88.8	1144.62
04/04/2016	71.86	581.72	46.78	589.6	17.18	1123.55	47.66	836.08	33.35	1435.62	132.51	1273.78	88.77	1144.78
04/05/2016	71.78	581.67	46.75	589.57	17.05	1123.24	47.94	836.44	33.36	1435.65	132.55	1273.8	88.73	1144.76
04/06/2016	71.71	581.63	46.69	589.51	17.18	1122.83	47.98	836.86	33.39	1435.7	132.42	1273.73	89.32	1144.73
04/07/2016	71.98	581.79	46.75	589.57	17.81	1122.83	48.19	836.92	33.54	1436.01	132.95	1274.03	91.5	1145.13
04/08/2016	72.62	582.19	47.03	589.85	18.13	1125.26	48.22	837.24	33.79	1436.54	134.22	1274.74	92.99	1146.57
04/09/2016	73.34	582.64	47.08	589.9	18.28	1126.41	48.08	837.27	33.93	1436.82	135.17	1275.27	94	1147.55
04/10/2016	74.01	583.05	47.06	589.88	18.39	1126.93	48	837.07	34.04	1437.05	135.98	1275.73	94.75	1148.21
04/11/2016	74.72	583.49	47.02	589.83	18.5	1126.7	48.1	836.95	34.18	1437.35	136.76	1276.17	95.24	1148.7
04/12/2016	75.57	584.02	46.84	589.66	18.61	1126.95	48.12	837.09	34.39	1437.79	137.54	1276.6	95.55	1149.02
04/13/2016	76.53	584.62	46.4	589.21	18.72	1127.29	48.35	837.12	34.57	1438.16	138.21	1276.98	95.71	1149.23
04/14/2016	77.46	585.18	45.94	588.75	18.78	1127.61	48.87	837.47	34.52	1438.06	138.87	1277.35	95.75	1149.33
04/15/2016	78.25	585.65	45.55	588.36	18.83	1127.81	49.1	838.24	34.23	1437.45	139.5	1277.7	95.73	1149.36
04/16/2016	78.62	585.87	45.53	588.35	18.88	1127.93	49.11	838.59	34.11	1437.21	140.04	1278	95.6	1149.35
04/17/2016	78.95	586.07	45.5	588.31	18.93	1128.06	49.11	838.6	34.21	1437.4	140.59	1278.3	95.42	1149.26
04/18/2016	79.25	586.25	45.43	588.25	18.96	1128.18	49.1	838.61	34.29	1437.58	141.1	1278.57	95.31	1149.14
04/19/2016	79.5	586.4	45.36	588.18	18.98	1128.28	49.02	838.59	34.37	1437.75	141.4	1278.73	95.48	1149.07
04/20/2016	79.73	586.54	45.3	588.11	18.98	1128.37	48.96	838.47	34.42	1437.85	140.77	1278.39	95.54	1149.18
04/21/2016	79.83	586.6	45.37	588.19	18.94	1128.32	48.78	838.38	34.49	1438	140.71	1278.36	95.4	1149.22
04/22/2016	79.79	586.57	45.6	588.42	18.89	1128.21	48.58	838.11	34.56	1438.14	141.02	1278.53	95.21	1149.13
04/23/2016	79.75	586.55	45.8	588.61	18.82	1128.07	48.36	837.81	34.63	1438.29	141.3	1278.68	94.98	1149
04/24/2016	79.73	586.54	45.95	588.77	18.73	1127.9	48.13	837.48	34.68	1438.39	141.52	1278.8	94.72	1148.85
04/25/2016	79.66	586.5	46.09	588.91	18.68	1127.65	48.04	837.14	34.73	1438.5	141.73	1278.92	94.55	1148.68
04/26/2016	79.56	586.43	46.25	589.07	18.63	1127.45	48.03	837.01	34.8	1438.63	142.07	1279.1	94.42	1148.57
04/27/2016	79.51	586.4	46.36	589.18	18.44	1127.39	48.13	837	34.79	1438.61	142.18	1279.16	94.21	1148.49
04/28/2016	79.55	586.43	46.39	589.21	18.19	1126.84	48.53	837.15	34.84	1438.73	142.32	1279.23	93.95	1148.34
04/29/2016	79.62	586.47	46.43	589.25	17.94	1126.19	48.76	837.74	34.92	1438.89	142.09	1279.11	93.69	1148.17
04/30/2016	79.7	586.52	46.47	589.28	17.72	1125.48	48.72	838.08	35	1439.06	142.03	1279.08	93.5	1148.01
05/01/2016	79.79	586.57	46.51	589.32	17.65	1124.82	48.74	838.02	35.09	1439.23	142.27	1279.21	93.59	1147.88
05/02/2016	79.92	586.65	46.64	589.46	17.77	1124.48	48.75	838.05	35.19	1439.43	142.65	1279.41	93.98	1147.94
05/03/2016	80	586.7	46.85	589.67	17.99	1124.91	48.85	838.06	35.17	1439.38	143	1279.6	94.37	1148.19
05/04/2016	80.05	586.72	47.05	589.87	18.28	1125.46	48.92	838.21	35.1	1439.25	142.85	1279.52	94.74	1148.45
05/05/2016	80.04	586.72	47.22	590.04	18.66	1126.37	48.98	838.32	35.08	1439.22	142.88	1279.53	95.18	1148.7
05/06/2016	80.27	586.86	47.34	590.15	19.3	1127.32	49.05	838.41	35.14	1439.33	143.07	1279.64	95.65	1148.98
05/07/2016	80.59	587.05	47.4	590.21	19.64	1129	49.09	838.52	35.36	1439.77	143.39	1279.81	96.06	1149.29
05/08/2016	80.88	587.22	47.34	590.16	19.67	1130.22	49.06	838.58	35.47	1440.06	143.6	1279.92	96.42	1149.56
05/09/2016	80.99	587.28	47.33	590.14	19.66	1130.23	48.99	838.53	35.47	1440.16	143.63	1279.94	96.73	1149.8
05/10/2016	80.99	587.29	47.36	590.17	19.66	1130.22	48.91	838.42	35.47	1440.19	143.64	1279.94	97.01	1150
05/11/2016	81	587.29	47.35	590.16	19.64	1130.22	48.82	838.3	35.47	1440.21	143.6	1279.92	97.22	1150.18
05/12/2016	80.98	587.28	47.33	590.15	19.66	1130.22	48.76	838.16	35.47	1440.25	143.51	1279.87	97.47	1150.31
05/13/2016	80.94	587.26	47.38	590.19	19.68	1130.17	48.7	838.08	35.47	1440.23	143.55	1279.89	97.75	1150.46
05/14/2016	80.85	587.2	47.42	590.23	19.66	1130.23	48.61	837.99	35.47	1440.25	143.6	1279.92	97.85	1150.63
05/15/2016	80.74	587.14	47.36	590.17	19.66	1130.23	48.63	837.86	35.46	1440.04	143.52	1279.88	97.87	1150.7
05/16/2016	80.58	587.04	47.32	590.13	19.56	1130.23	48.65	837.89	35.33	1439.7	143.4	1279.81	97.87	1150.71
05/17/2016	80.38	586.92	47.35	590.16	19.67	1130.2	48.74	837.92	35.19	1439.43	143.27	1279.74	97.75	1150.71
05/18/2016	80.35	586.9	47.36	590.17	19.62	1130.12	48.96	838.06	35.04	1439.14	143.09	1279.65	97.47	1150.64
05/19/2016	80.01	586.7	47.4	590.21	19.61	1130.1	49.02	838.37	34.95	1438.96	142.94	1279.57	97.23	1150.46
05/20/2016	79.88	586.63	47.36	590.17	19.61	1130.08	49.11	838.47	34.95	1438.96	142.83	1279.51	97.02	1150.31
05/21/2016	79.8	586.58	47.3	590.11	19.6	1130.07	49.19	838.6	34.98	1439.01	142.72	1279.45	96.85	1150.19
05/22/2016	79.7	586.52	47.25	590.06	19.59	1130.06	49.29	838.73	35.02	1439.1	142.57	1279.37	96.66	1150.07
05/23/2016	79.59	586.45	47.19	590.01	19.57	1130.04	49.08	838.87	35.07	1439.19	142.52	1279.34	96.47	1149.96
05/24/2016	79.54	586.42	47.07	589.89	19.57	1129.96	49.13	838.55	35.09	1439.23	142.64	1279.41	96.24	1149.83
05/25/2016	79.62	586.47	46.83	589.65	19.54	1129.93	49.17	838.63	35	1439.06	142.73	1279.45	96	1149.68
05/26/2016	79.75	586.55	46.49	589.3	19.53	1129.89	49.1	838.69	34.92	1438.9	142.65	1279.41	95.71	1149.53
05/27/2016	79.92	586.65	46.08	588.9	19.52	1129.83	49.13	838.59	34.84	1438.73	142.59	1279.38	95.38	1149.33
05/28/2016	80.06	586.73	45.68	588.49	19.5	1129.79	49.16	838.64	34.82	1438.68	142.45	1279.3	95.03	1149.12
05/29/2016	80.11	586.76	45.36	588.17	19.48	1129.75	49.23	838.68	34.82	1438.68	142.23	1279.18	94.65	1148.89
05/30/2016	80.15	586.78	45.2	588.02	19.45	1129.7	49.44	838.78	34.82	1438.69	142.03	1279.08	94.26	1148.64
05/31/2016	80.01	586.7	45.12	587.93	19.42	1129.62	49.59	839.09	34.71	1438.45	141.67	1278.88	93.83	1148.38
06/01/2016	79.82	586.59	45	587.81	19.36	1129.54	49.6	839.32	34.58	1438.19	141.36	1278.71	93.33	1148.09
06/02/2016	79.7	586.52	44.85	587.66	19.24	1129.35	49.52	839.34	34.55	1438.12	141.1	1278.58	92.93	1147.77
06/03/2016	79.58	586.44	44.68	587.49	18.88	1129.12	49.19	839.22	34.54	1438.1	140.86	1278.44	92.76	1147.51
06/04/2016	79.46	586.37	44.75	587.57	18.59	1128.27	48.96	838.73	34.52	1438.05	140.85	1278.44	92.85	1147.39
06/05/2016	79.55	586.43	45.12	587.93	18.73	1127.31	48.84	838.37	34.59	1438.2	141.18	1278.62	93.17	1147.46
06/06/2016	79.56	586.44	45.22	588.03	18.7	1127.47	48.78	838.2	34.72	1438.47	141.33	1278.7	93.23	1147.66
06/07/2016	79.53	586.41	45.12	587.93	18.59	1127.59	48.86	838.11	34.73	1438.5	141.23	1278.65	93.22	1147.7
06/08/2016	79.5	586.4	45.04	587.85	18.43	1127.26	48.71	838.23	34.73	1438.49	141.11	1278.58	93.11	1147.69
06/09/2016	79.53	586.41	44.81	587.62	18.26	1126.8	48.65	838.01	34.68	1438.38	140.84	1278.43	92.88	1147.62
06/10/2016	79.71	586.52	44.43	587.24	18.1	1126.34	48.83	837.92	34.63	1438.29	140.49	1278.24	92.44	1147.47
06/11/2016	79.71	586.52	44.32	587.12	17.95	1125.88	49	838.19	34.61	1438.24	140.17	1278.07	92	1147.18
06/12/2016	79.68	586.51	44.16	586.97	17.75	1125.44	49.13	838.44	34.58	1438.19	139.81	1277.87	91.56	1146.89
06/13/2016	79.64	586.48	43.98	586.79	17.58	1124.91	49.24	838.64	34.55	1438.12	139.46	1277.68	91.1	1146.6
06/14/2016	79.61	586.47	43.8	586.6	17.41	1124.4	49.24	838.79	34.52	1438.05	139.09	1277.47	90.63	1146.3
06/15/2016	79.57	586.44	43.59	586.39	17.2	1123.86	49.26	838.79	34.48	1437.98	138.62	1277.21	90.13	1145.99
06/16/2016	79.56	586.44	43.39	586.19	17.01	1123.27	49.2	838.83	34.45	1437.91	138.29	1277.02	89.62	1145.66
06/17/2016	79.55	586.43	43.18	585.98	16.81	1122.69	49.19	838.74	34.4	1437.81	137.99	1276.85	89.13	1145.33
06/18/2016	79.54	586.42	42.97	585.77	16.61	1122.09	49.16	838.72	34.36	1437.73	137.71	1276.69	88.68	1145.01
06/19/2016	79.54	586.42	42.75	585.55	16.42	1121.5	49.11	838.67	34.32	1437.63	137.41	1276.53	88.22	1144.7
06/20/2016	79.53	586.41	42.57	585.37	16.19	1120.93	49.16	838.6	34.15	1437.29	137.08	1276.34	87.78	1144.38
06/21/2016	79.5	586.4	42.45	585.25	15.99	1120.29	49.14	838.68	33.97	1436.92	136.81	1276.19	87.3	1144.07
06/22/2016	79.47	586.38	42.31	585.11	15.76	1119.65	49.11	838.65	33.8	1436.56	136.5	1276.02	86.83	1143.74
06/23/2016	79.44	586.36	42.15	584.95	15.54	1118.96	48.99	838.6	33.73	1436.41	136.17	1275.83	86.43	1143.42
06/24/2016	79.42	586.35	41.94	584.72	15.32	1118.26	48.84	838.43	33.67	1436.28	135.79	1275.62	86.13	1143.14
06/25/2016	79.41	586.34	41.72	584.49	15.1	1117.56	48.77	838.21	33.62	1436.17	135.3	1275.35	85.84	1142.93
06/26/2016	79.4	586.34	41.5	584.25	14.9	1116.86	48.77	838.09	33.56	1436.06	134.83	1275.08	85.49	1142.73
06/27/2016	79.42	586.35	41.27	583.99	14.65	1116.24	49.09	838.09	33.44	1435.8	134.46	1274.88	85.26	1142.49
06/28/2016	79.46	586.37	41.01	583.72	14.45	1115.46	49.24	838.58	33.31	1435.53	134.13	1274.69	85.29	1142.33
06/29/2016	79.46	586.38	40.75	583.43	14.26	1114.87	49.18	838.79	33.16	1435.22	133.67	1274.43	85.17	1142.35
06/30/2016	79.46	586.37	40.43	583.09	14.13	1114.22	49.15	838.71	32.99	1434.87	133.2	1274.17	85.01	1142.26
07/01/2016	79.5	586.4	40.09	582.73	14	1113.75	49.04	838.66	32.83	1434.55	132.72	1273.9	84.77	1142.15
07/02/2016	79.48	586.39	39.7	582.3	13.87	1113.32	48.91	838.5	32.76	1434.39	132.27	1273.65	84.55	1141.99
07/03/2016	79.46	586.37	39.28	581.86	13.74	1112.9	48.94	838.31	32.7	1434.26	131.78	1273.38	84.3	1141.84
07/04/2016	79.45	586.37	38.87	581.41	13.59	1112.47	49.08	838.36	32.64	1434.14	131.31	1273.11	83.91	1141.67
07/05/2016	79.44	586.36	38.51	581.02	13.47	1112.04	49.22	838.56	32.51	1433.87	130.82	1272.83	83.53	1141.39
07/06/2016	79.33	586.3	38.17	580.66	13.34	1111.61	49.24	838.77	32.32	1433.46	130.38	1272.58	83.26	1141.13
07/07/2016	79.33	586.3	37.84	580.3	13.24	1111.19	49.4	838.8	32.1	1432.97	129.94	1272.32	83.02	1140.94
07/08/2016	79.7	586.52	37.73	580.18	13.24	1110.86	49.82	839.03	31.88	1432.49	129.72	1272.19	82.9	1140.78
07/09/2016	80.18	586.8	38.23	580.72	13.28	1110.76	49.61	839.66	31.94	1432.62	129.95	1272.33	82.81	1140.7
07/10/2016	79.98	586.68	38.66	581.19	13.27	1110.92	49.11	839.34	32.07	1432.9	130.23	1272.49	82.63	1140.63
07/11/2016	79.69	586.51	38.93	581.48	13.2	1111.02	48.79	838.6	32.01	1432.78	130.29	1272.53	82.41	1140.51
07/12/2016	79.55	586.43	39	581.55	13.13	1110.79	48.65	838.13	31.87	1432.47	129.94	1272.32	82.15	1140.35
07/13/2016	79.49	586.39	38.87	581.41	13.05	1110.56	48.62	837.92	31.65	1432	129.51	1272.07	81.92	1140.18
07/14/2016	79.51	586.41	38.7	581.22	12.97	1110.3	48.62	837.87	31.41	1431.47	129.1	1271.83	81.68	1140.01
07/15/2016	79.52	586.41	38.43	580.94	12.89	1110.02	48.86	837.88	31.13	1430.86	128.69	1271.6	81.44	1139.85
07/16/2016	79.52	586.41	38.03	580.51	12.81	1109.74	48.99	838.23	30.71	1429.96	128.25	1271.34	81.13	1139.67
07/17/2016	79.52	586.41	37.67	580.11	12.74	1109.48	49.15	838.42	30.65	1429.83	127.89	1271.13	80.69	1139.45
07/18/2016	79.52	586.41	37.28	579.68	12.64	1109.23	49.12	838.67	30.53	1429.57	127.54	1270.93	80.24	1139.12
07/19/2016	79.49	586.39	36.89	579.22	12.56	1108.9	49.04	838.62	30.45	1429.4	127.4	1270.85	79.52	1138.8
07/20/2016	79.47	586.38	36.49	578.77	12.48	1108.63	48.96	838.5	30.37	1429.23	127.29	1270.78	78.77	1138.28
07/21/2016	79.47	586.38	36.06	578.28	12.39	1108.33	48.89	838.39	30.32	1429.11	127.24	1270.76	78.03	1137.74
07/22/2016	79.45	586.37	35.64	577.79	12.29	1108	48.81	838.28	30.27	1429	127.2	1270.73	77.24	1137.2
07/23/2016	79.42	586.35	35.21	577.3	12.18	1107.65	48.69	838.16	30.23	1428.91	127.14	1270.69	76.33	1136.63
07/24/2016	79.4	586.34	34.77	576.8	12.08	1107.29	48.65	837.97	30.16	1428.77	127.09	1270.67	75.58	1135.97
07/25/2016	79.4	586.34	34.35	576.32	11.93	1106.94	48.57	837.92	30.13	1428.69	127.11	1270.68	75.03	1135.43
07/26/2016	79.38	586.33	33.94	575.85	11.82	1106.47	48.5	837.8	30.02	1428.43	127.01	1270.62	74.78	1135.03
07/27/2016	79.37	586.32	33.52	575.36	11.69	1106.12	48.46	837.69	29.81	1427.96	126.45	1270.3	74.54	1134.84
07/28/2016	79.22	586.23	33.29	575.1	11.57	1105.65	48.42	837.63	29.59	1427.48	126.03	1270.05	74.31	1134.66
07/29/2016	78.81	585.98	33.41	575.24	11.43	1105.22	48.44	837.57	29.38	1426.99	125.64	1269.83	74.11	1134.49
07/30/2016	78.43	585.76	33.54	575.39	11.4	1104.77	48.29	837.6	29.28	1426.76	125.3	1269.63	74.05	1134.34
07/31/2016	78.15	585.6	33.81	575.7	11.48	1104.55	48.26	837.38	29.27	1426.73	125.07	1269.5	73.93	1134.29
08/01/2016	77.87	585.42	34.13	576.07	11.75	1104.74	48.29	837.34	29.25	1426.68	124.78	1269.33	73.92	1134.21
08/02/2016	77.62	585.28	34.5	576.49	11.87	1105.83	48.16	837.38	29.26	1426.72	124.76	1269.31	73.89	1134.2
08/03/2016	77.14	584.99	34.63	576.64	11.87	1106.46	48.03	837.19	29.2	1426.59	124.44	1269.13	73.74	1134.17
08/04/2016	76.76	584.75	34.72	576.74	11.82	1106.58	47.93	836.99	29.15	1426.47	124.06	1268.91	73.55	1134.06
08/05/2016	76.37	584.52	34.79	576.82	11.75	1106.47	47.84	836.85	29.02	1426.17	123.63	1268.66	73.36	1133.91
08/06/2016	75.99	584.28	34.86	576.9	11.66	1106.22	47.69	836.7	28.93	1425.97	123.29	1268.46	73.15	1133.77
08/07/2016	75.61	584.04	34.92	576.97	11.56	1105.91	47.54	836.48	28.87	1425.84	122.88	1268.22	72.92	1133.61
08/08/2016	75.23	583.81	34.94	576.99	11.45	1105.23	47.37	836.26	28.82	1425.71	122.43	1267.96	72.66	1133.44
08/09/2016	74.84	583.57	34.92	576.97	11.36	1104.86	47.46	836.01	28.75	1425.56	121.97	1267.68	72.49	1133.24
08/10/2016	74.54	583.38	35.05	577.12	11.24	1104.51	47.79	836.14	28.7	1425.46	121.68	1267.51	72.06	1133.12
08/11/2016	74.33	583.25	35.26	577.36	11.12	1104.1	48.08	836.64	28.57	1425.15	121.36	1267.31	71.85	1132.79
08/12/2016	74.07	583.09	35.44	577.57	11.01	1103.67	48.1	837.06	28.39	1424.74	121.17	1267.2	72.26	1132.63
08/13/2016	73.73	582.88	35.64	577.79	10.91	1103.25	47.85	837.09	28.38	1424.73	121.39	1267.33	72.37	1132.94
08/14/2016	73.39	582.67	35.87	578.06	10.79	1102.86	47.76	836.72	28.47	1424.92	121.61	1267.47	72.35	1133.02
08/15/2016	73.04	582.45	35.97	578.17	10.68	1102.52	47.6	836.59	28.44	1424.85	121.5	1267.4	72.24	1133.01
08/16/2016	72.71	582.24	36.02	578.24	10.55	1102.13	47.43	836.35	28.32	1424.58	121.34	1267.3	72.13	1132.92
08/17/2016	72.36	582.03	36.02	578.23	10.43	1101.67	47.4	836.1	28.28	1424.48	120.76	1266.96	71.84	1132.85
08/18/2016	72.01	581.81	36.03	578.24	10.31	1101.23	47.59	836.06	28.21	1424.33	120.43	1266.76	71.36	1132.62
08/19/2016	71.65	581.59	36	578.21	10.2	1100.82	47.62	836.34	28.1	1424.08	120.06	1266.54	70.98	1132.26
08/20/2016	71.3	581.37	35.96	578.16	10.08	1100.41	47.43	836.38	28.03	1423.94	119.66	1266.29	70.87	1131.98
08/21/2016	71.01	581.19	35.95	578.15	9.95	1099.99	47.43	836.11	28.01	1423.87	119.31	1266.08	70.68	1131.89
08/22/2016	70.69	580.99	35.96	578.16	9.85	1099.55	47.59	836.1	27.98	1423.8	118.97	1265.88	70.23	1131.75
08/23/2016	70.4	580.69	35.99	578.08	9.72	1099.17	47.69	836.34	27.94	1423.71	118.58	1265.64	69.78	1131.41
08/24/2016	70.04	580.59	35.97	578.18	9.58	1098.68	47.72	836.48	27.88	1423.58	118.07	1265.33	69.34	1131.07
08/25/2016	69.73	580.4	35.95	578.16	9.45	1098.16	47.81	836.54	27.84	1423.47	117.65	1265.08	68.92	1130.74
08/26/2016	69.38	580.18	35.89	578.08	9.31	1097.65	47.81	836.67	27.79	1423.35	117.21	1264.82	68.59	1130.42
08/27/2016	69.04	579.97	35.8	577.98	9.17	1097.15	47.66	836.66	27.74	1423.23	116.77	1264.55	68.35	1130.17
08/28/2016	68.73	579.77	35.72	577.88	9.02	1096.63	47.36	836.45	27.68	1423.1	116.3	1264.27	67.99	1129.99
08/29/2016	68.41	579.56	35.63	577.79	8.85	1096.1	47.04	836	27.62	1422.97	116.07	1264.13	67.42	1129.71
08/30/2016	68.07	579.34	35.53	577.67	8.7	1095.27	46.67	835.51	27.57	1422.83	116.05	1264.12	66.83	1129.25
08/31/2016	67.64	579.06	35.43	577.56	8.55	1094.71	46.36	834.96	27.5	1422.68	115.91	1264.04	66.23	1128.8
09/01/2016	67.32	578.86	35.35	577.46	8.41	1094.36	46.19	834.49	27.46	1422.57	115.85	1264	65.45	1128.33
09/02/2016	67.01	578.65	35.25	577.35	8.25	1093.78	46.18	834.23	27.42	1422.47	115.65	1263.88	64.76	1127.71
09/03/2016	66.68	578.44	35.14	577.23	8.1	1093.21	46.18	834.22	27.37	1422.37	115.19	1263.6	64.08	1127.17
09/04/2016	66.34	578.22	35.03	577.1	7.94	1092.63	46.24	834.21	27.32	1422.25	114.69	1263.3	63.27	1126.63
09/05/2016	66.04	578.02	34.92	576.97	7.76	1092.04	46.27	834.31	27.27	1422.13	114.19	1263	62.43	1126
09/06/2016	65.71	577.81	34.81	576.85	7.57	1091.32	45.94	834.36	27.22	1422.02	113.71	1262.7	61.69	1125.34
09/07/2016	65.28	577.53	34.71	576.73	7.41	1090.67	45.38	833.83	27.18	1421.91	113.43	1262.53	61.09	1124.75
09/08/2016	64.97	577.33	34.6	576.6	7.29	1089.97	44.9	832.99	27.08	1421.68	113.39	1262.5	60.48	1124.26
09/09/2016	64.65	577.12	34.5	576.49	7.14	1089.53	44.31	832.25	26.98	1421.45	113.35	1262.47	59.87	1123.76
09/10/2016	64.35	576.93	34.38	576.36	6.99	1088.95	43.64	831.33	26.91	1421.28	113.25	1262.41	59.13	1123.26
09/11/2016	64.04	576.73	34.27	576.23	6.82	1088.32	43.16	830.3	26.87	1421.18	113.2	1262.38	58.3	1122.65
09/12/2016	63.67	576.49	34.14	576.08	6.67	1087.69	43.12	829.54	26.82	1421.07	112.92	1262.21	57.36	1121.97
09/13/2016	63.34	576.28	34.01	575.93	6.51	1087.02	43.02	829.49	26.77	1420.95	112.43	1261.9	56.38	1121.21
09/14/2016	63.02	576.06	33.89	575.79	6.32	1086.36	43.01	829.32	26.71	1420.82	112.01	1261.64	55.23	1120.4
09/15/2016	62.53	575.75	33.86	575.75	6.15	1085.68	43.04	829.31	26.67	1420.7	111.52	1261.33	54.07	1119.43
09/16/2016	62.16	575.51	33.73	575.61	5.98	1084.99	43.12	829.36	26.58	1420.51	111.02	1261.02	53.23	1118.44
09/17/2016	61.87	575.32	33.55	575.4	5.84	1084.29	43.23	829.48	26.52	1420.37	110.54	1260.72	52.8	1117.72
09/18/2016	61.61	575.15	33.4	575.23	5.71	1083.62	43.45	829.65	26.48	1420.26	110.13	1260.46	53.26	1117.35
09/19/2016	61.42	575.03	33.29	575.1	5.56	1083.18	43.63	830.01	26.46	1420.21	109.86	1260.29	52.95	1117.74
09/20/2016	61.16	574.85	33.13	574.92	5.4	1082.61	43.75	830.29	26.42	1420.12	100.91	1251.9	52.16	1117.48
09/21/2016	60.9	574.67	32.98	574.73	5.24	1081.93	43.93	830.47	26.37	1419.99	108.94	1259.72	51.31	1116.8
09/22/2016	60.63	574.48	32.81	574.53	5.09	1081.25	44.09	830.75	26.31	1419.87	108.48	1259.43	50.58	1116.07
09/23/2016	60.34	574.28	32.64	574.32	4.98	1080.53	44.27	831	26.25	1419.73	108.04	1259.16	49.96	1115.44
09/24/2016	60.02	574.06	32.45	574.09	4.87	1080.01	44.43	831.27	26.2	1419.6	107.58	1258.87	49.4	1114.91
09/25/2016	59.69	573.83	32.26	573.85	4.75	1079.54	44.77	831.53	26.14	1419.47	107.09	1258.56	48.84	1114.41
09/26/2016	59.37	573.61	32.07	573.62	4.66	1079.03	45.05	832.04	26.08	1419.32	106.54	1258.22	48.43	1113.9
09/27/2016	59.12	573.41	31.91	573.41	4.56	1078.61	45.31	832.48	26.04	1419.22	106.12	1257.95	47.7	1113.41
09/28/2016	58.67	573.12	31.72	573.19	4.41	1078.13	45.25	832.87	25.98	1419.09	105.65	1257.65	47.28	1112.88
09/29/2016	58.32	572.88	31.54	572.97	4.27	1077.57	45.18	832.78	25.93	1418.97	105.26	1257.39	46.79	1112.5
09/30/2016	58.01	572.66	31.35	572.75	4.1	1076.92	45.23	832.68	25.88	1418.84	104.85	1257.13	46.29	1112.06
10/01/2016	57.71	572.45	31.17	572.53	3.94	1076.23	45.23	832.75	25.85	1418.75	104.46	1256.87	45.71	1111.61
10/02/2016	57.39	572.23	30.98	572.3	3.86	1075.6	45.3	832.75	25.82	1418.69	104.15	1256.67	45.04	1111.09
10/03/2016	57.08	572.02	30.8	572.07	3.76	1074.06	45.31	832.86	25.79	1418.62	103.82	1256.46	44.5	1110.49
10/04/2016	56.79	571.82	30.63	571.86	3.61	1074.77	45.31	832.87	25.74	1418.5	103.5	1256.25	44.14	1110
10/05/2016	56.44	571.57	30.43	571.63	3.54	1074.8	45.31	832.88	25.71	1418.43	103.17	1256.03	43.77	1109.66
10/06/2016	56.1	571.34	30.23	571.38	3.42	1074.05	45.3	832.88	25.68	1418.34	102.82	1255.81	43.33	1109.3
10/07/2016	55.76	571.1	30.03	571.13	3.45	1073.11	45.35	832.86	25.64	1418.24	102.47	1255.58	42.93	1108.89
10/08/2016	55.41	570.86	29.82	570.88	3.58	1070.6	45.47	832.93	25.6	1418.16	102	1255.28	42.54	1108.51
10/09/2016	55.22	570.72	29.68	570.7	3.46	1072.04	45.58	833.12	25.57	1418.07	101.53	1254.97	42.17	1108.14
10/10/2016	55.19	570.71	29.66	570.69	3.38	1071.42	45.54	833.29	25.53	1417.97	101.05	1254.66	41.76	1107.78
10/11/2016	55.07	570.62	29.6	570.61	3.35	1074.34	45.5	833.23	25.49	1417.89	100.56	1254.34	41.3	1107.39
10/12/2016	54.88	570.49	29.52	570.51	3.35	1072.4	45.54	833.16	25.44	1417.77	100.02	1253.98	40.81	1106.95
10/13/2016	54.84	570.46	29.49	570.48	3.39	1069.16	45.67	833.23	25.41	1417.69	99.5	1253.65	40.15	1106.49
10/14/2016	54.75	570.4	29.45	570.43	3.38	1074.42	45.68	833.43	25.32	1417.46	98.97	1253.3	39.1	1105.86
10/15/2016	54.58	570.28	29.35	570.31	3.36	1074.32	45.68	833.44	25.27	1417.33	98.42	1252.94	38.15	1104.85
10/16/2016	54.43	570.18	29.26	570.2	3.33	1074.24	45.68	833.44	25.23	1417.25	97.91	1252.59	37.21	1103.9
10/17/2016	54.38	570.15	29.24	570.17	3.35	1072.41	45.76	833.45	25.2	1417.18	97.37	1252.22	36.32	1102.94
10/18/2016	54.34	570.11	29.21	570.13	3.35	1072.46	45.87	833.57	25.09	1416.89	96.72	1251.79	35.52	1102.05
10/19/2016	54.29	570.08	29.18	570.1	3.35	1072.5	46.01	833.73	24.95	1416.57	96.11	1251.37	34.96	1101.24
10/20/2016	54.26	570.06	29.16	570.08	3.36	1072.52	46.19	833.96	24.76	1416.1	95.61	1251.03	34.48	1100.68
10/21/2016	54.24	570.05	29.16	570.07	3.44	1072.55	46.28	834.23	24.58	1415.64	95.16	1250.72	33.85	1100.19
10/22/2016	54.08	569.93	29.07	569.97	3.59	1072.96	46.28	834.37	24.49	1415.41	94.73	1250.43	33.29	1099.53
10/23/2016	53.82	569.73	28.92	569.77	3.63	1073.73	46.28	834.37	24.45	1415.33	94.09	1250	32.59	1098.92
10/24/2016	53.54	569.53	28.75	569.55	3.65	1073.85	46.38	834.37	24.43	1415.28	93.38	1249.51	31.86	1098.17
10/25/2016	53.27	569.33	28.59	569.34	3.66	1073.94	46.47	834.52	24.28	1414.9	92.65	1249.02	31.35	1097.38
10/26/2016	52.99	569.12	28.43	569.13	3.7	1074.01	46.64	834.65	24.08	1414.43	91.93	1248.53	30.99	1096.83
10/27/2016	52.84	569.01	28.35	569.02	3.8	1074.22	46.84	834.93	23.94	1414.07	91.46	1248.21	30.66	1096.44
10/28/2016	52.66	568.87	28.24	568.89	3.88	1074.73	47.03	835.22	23.82	1413.77	90.89	1247.81	30.36	1096.09
10/29/2016	52.41	568.69	28.1	568.7	3.95	1075.09	47.27	835.51	23.64	1413.3	90.18	1247.31	29.97	1095.76
10/30/2016	52.19	568.52	27.98	568.54	4.03	1075.43	47.36	835.86	23.45	1412.83	89.49	1246.82	29.59	1095.34
10/31/2016	51.95	568.34	27.84	568.36	4.09	1075.76	47.39	836	23.35	1412.57	88.89	1246.39	29.28	1094.93
11/01/2016	51.69	568.15	27.69	568.17	4.16	1076.05	47.54	836.04	23.33	1412.52	88.39	1246.04	29.04	1094.56
11/02/2016	51.44	567.97	27.57	568.01	4.22	1076.36	47.63	836.26	23.31	1412.46	87.89	1245.68	28.94	1094.27
11/03/2016	51.19	567.78	27.43	567.83	4.28	1076.64	47.58	836.4	23.29	1412.42	87.42	1245.34	28.21	1094.16
11/04/2016	50.93	567.59	27.29	567.64	4.32	1076.88	47.5	836.32	23.27	1412.36	86.96	1245.02	27.61	1093.3
11/05/2016	50.67	567.4	27.14	567.44	4.36	1077.09	47.42	836.21	23.24	1412.28	86.41	1244.62	27.02	1092.6
11/06/2016	50.41	567.2	26.99	567.25	4.4	1077.29	47.47	836.09	23.22	1412.22	85.79	1244.18	26.38	1091.91
11/07/2016	50.15	567.01	26.84	567.06	4.43	1077.43	47.5	836.16	23.11	1411.96	85.1	1243.69	25.65	1091.15
11/08/2016	49.92	566.84	26.7	566.88	4.47	1077.6	47.48	836.2	23.04	1411.78	84.39	1243.19	24.89	1090.29
11/09/2016	49.73	566.69	26.57	566.71	4.5	1077.76	47.44	836.17	23.02	1411.72	83.74	1242.71	24.15	1089.34
11/10/2016	49.57	566.58	26.46	566.57	4.54	1077.92	47.42	836.12	22.99	1411.64	83.1	1242.24	23.39	1088.38
11/11/2016	49.52	566.54	26.43	566.53	4.57	1078.06	47.39	836.08	22.96	1411.57	82.29	1241.63	22.61	1087.4
11/12/2016	49.45	566.49	26.39	566.48	4.6	1078.2	47.33	836.04	22.93	1411.5	81.48	1241.03	21.83	1086.39
11/13/2016	49.39	566.45	26.36	566.44	4.61	1078.34	47.19	835.95	22.91	1411.44	80.66	1240.41	21.18	1085.39
11/14/2016	49.34	566.41	26.33	566.4	4.71	1078.42	47.21	835.74	22.84	1411.25	79.86	1239.81	20.67	1084.5
11/15/2016	49.49	566.52	26.42	566.52	5.14	1078.78	47.3	835.77	22.62	1410.69	79.18	1239.31	20.19	1083.77
11/16/2016	49.58	566.59	26.47	566.58	5.5	1080.77	47.31	835.9	22.39	1410.11	78.57	1238.85	19.77	1083.09
11/17/2016	49.59	566.59	26.47	566.58	5.7	1082.27	47.31	835.92	22.15	1409.49	77.93	1238.38	19.45	1082.49
11/18/2016	49.57	566.58	26.46	566.57	5.86	1083.17	47.31	835.93	21.89	1408.82	77.36	1237.95	19.21	1082.04
11/19/2016	49.56	566.57	26.46	566.56	6.01	1083.85	47.33	835.93	21.64	1408.14	76.83	1237.53	18.99	1081.7
11/20/2016	49.56	566.57	26.46	566.57	6.15	1084.5	47.37	835.95	21.4	1407.5	76.36	1237.16	18.7	1081.39
11/21/2016	49.53	566.55	26.44	566.54	6.27	1084.97	47.53	836.01	21.15	1406.82	75.86	1236.77	18.48	1080.97
11/22/2016	49.49	566.52	26.42	566.51	6.37	1085.44	47.48	836.25	20.89	1406.13	75.35	1236.37	18.33	1080.65
11/23/2016	49.45	566.49	26.4	566.48	6.47	1085.86	47.33	836.18	20.69	1405.59	74.92	1236.03	18.22	1080.44
11/24/2016	49.44	566.48	26.39	566.47	6.58	1086.26	47.18	835.94	20.5	1405.08	74.52	1235.72	18.1	1080.29
11/25/2016	49.42	566.46	26.38	566.46	6.72	1086.7	47.07	835.73	20.3	1404.55	74.11	1235.4	18.02	1080.12
11/26/2016	49.4	566.45	26.37	566.44	6.88	1087.26	46.89	835.56	20.11	1404.04	73.76	1235.13	18.15	1080.01
11/27/2016	49.38	566.44	26.36	566.43	7.06	1087.93	46.65	835.3	19.93	1403.54	73.45	1234.88	18.55	1080.19
11/28/2016	49.38	566.44	26.35	566.43	7.24	1088.59	46.6	834.93	19.84	1403.28	73.27	1234.74	19.05	1080.76
11/29/2016	49.59	566.59	26.51	566.63	7.64	1089.28	46.67	834.86	20	1403.75	73.22	1234.7	19.95	1081.47
11/30/2016	49.78	566.73	26.69	566.86	8.47	1090.89	46.92	834.96	20.35	1404.68	73.6	1235	21.19	1082.75
12/01/2016	50.22	567.06	27.19	567.52	9.22	1094.09	46.95	835.34	20.71	1405.65	74.77	1235.91	22.43	1084.51
12/02/2016	50.49	567.26	27.49	567.9	9.62	1096.82	46.89	835.39	20.77	1405.8	75.66	1236.61	23.44	1086.16
12/03/2016	50.73	567.44	27.6	568.04	9.87	1098.08	46.81	835.3	20.68	1405.58	76.2	1237.04	24.26	1087.47
12/04/2016	50.95	567.6	27.65	568.11	10.09	1098.94	46.73	835.18	20.56	1405.25	76.58	1237.34	24.95	1088.53
12/05/2016	51.12	567.73	27.69	568.17	10.26	1100.46	46.62	835.06	20.41	1404.83	76.89	1237.58	25.58	1089.42
12/06/2016	51.28	567.85	27.74	568.23	10.36	1101.03	46.52	834.89	20.24	1404.39	77.14	1237.78	26.21	1090.21
12/07/2016	51.44	567.96	27.82	568.34	10.38	1100.41	46.46	834.73	20.08	1403.95	77.37	1237.95	26.79	1090.95
12/08/2016	51.57	568.06	27.95	568.51	10.45	1102.01	46.56	834.64	19.9	1403.45	77.5	1238.05	27.23	1091.64
12/09/2016	51.7	568.16	27.97	568.53	10.44	1102.39	46.68	834.8	19.71	1402.92	77.47	1238.03	27.39	1092.15
12/10/2016	51.78	568.22	27.97	568.53	10.43	1102.32	46.82	834.98	19.51	1402.37	77.56	1238.1	27.5	1092.34
12/11/2016	51.87	568.28	27.99	568.55	10.44	1102.13	46.94	835.2	19.31	1401.8	77.65	1238.17	27.57	1092.47
12/12/2016	51.98	568.37	28.06	568.65	10.43	1101.8	46.93	835.37	19.23	1401.57	77.75	1238.25	27.56	1092.55
12/13/2016	52.05	568.42	28.1	568.7	10.38	1101.28	46.84	835.35	19.28	1401.7	77.84	1238.31	27.52	1092.54
12/14/2016	52.1	568.46	28.13	568.74	10.36	1101.2	46.81	835.23	19.3	1401.78	77.95	1238.39	27.41	1092.49
12/15/2016	52.14	568.49	28.14	568.75	10.2	1100.9	46.78	835.17	19.34	1401.87	77.94	1238.39	27.23	1092.36
12/16/2016	52.17	568.51	28.13	568.74	9.9	1100.16	46.77	835.13	19.36	1401.93	77.92	1238.37	27.09	1092.15
12/17/2016	52.31	568.62	28.35	569.02	10.41	1098.92	46.99	835.11	19.4	1402.06	77.98	1238.41	27.73	1091.99
12/18/2016	52.64	568.86	28.97	569.82	11.09	1100.84	47.15	835.45	19.78	1403.13	79.31	1239.41	29.09	1092.74
12/19/2016	53.19	569.27	29.7	570.73	11.36	1104.33	47.09	835.68	20.19	1404.26	80.84	1240.55	29.75	1094.34
12/20/2016	53.76	569.69	29.86	570.93	11.52	1103.49	46.97	835.6	20.36	1404.71	81.82	1241.28	30.4	1095.1
12/21/2016	54.26	570.06	29.99	571.08	11.6	1104.92	46.79	835.41	20.51	1405.11	82.25	1241.6	31.23	1095.81
12/22/2016	54.7	570.36	30.13	571.26	11.55	1105.15	46.63	835.15	20.64	1405.46	82.84	1242.04	31.86	1096.71
12/23/2016	55.1	570.64	30.3	571.46	11.47	1104.97	46.64	834.91	20.74	1405.73	83.1	1242.23	32.27	1097.38
12/24/2016	55.49	570.92	30.52	571.73	11.4	1104.63	46.67	834.93	20.86	1406.04	83.31	1242.39	32.63	1097.82
12/25/2016	55.87	571.18	30.72	571.98	11.28	1104.39	46.67	834.96	20.96	1406.33	83.51	1242.54	33	1098.22
12/26/2016	56.24	571.43	30.89	572.18	11.16	1103.94	46.61	834.97	21.07	1406.62	83.64	1242.64	33.26	1098.61
12/27/2016	56.59	571.68	31.11	572.45	11.08	1103.78	46.69	834.88	21.18	1406.91	83.89	1242.83	33.78	1098.88
12/28/2016	56.94	571.92	31.32	572.71	10.99	1103.56	46.8	835	21.29	1407.19	84.23	1243.07	34.04	1099.46
12/29/2016	57.37	572.22	31.51	572.94	10.88	1103.21	46.83	835.16	21.41	1407.51	84.55	1243.3	34.24	1099.73
12/30/2016	57.77	572.5	31.68	573.15	10.74	1102.82	46.82	835.21	21.5	1407.77	84.8	1243.48	34.29	1099.95
12/31/2016	58.12	572.74	31.84	573.34	10.6	1102.2	46.82	835.2	21.58	1407.99	84.98	1243.61	34.63	1100
